{"centralized_loss": 2.305469721650925, "centralized_accuracy": 0.1002, "_timestamp": 1742296173.281371, "_runtime": 3.3698010444641113, "_step": 0}