{"centralized_evaluate": [{"round": 0, "centralized_loss": 0.6997025920327302, "centralized_accuracy": 0.504}, {"round": 1, "centralized_loss": 1.3467527426731813, "centralized_accuracy": 0.5198}, {"round": 2, "centralized_loss": 1.8575538374056482, "centralized_accuracy": 0.4998}], "federated_evaluate": [{"round": 1, "federated_evaluate_loss": 1.0399890649318695, "accuracy": 0.5296}, {"round": 2, "federated_evaluate_loss": 2.1284806871414186, "accuracy": 0.5084000000000001}]}