{"centralized_evaluate": [{"round": 0, "centralized_loss": 0.715965282005869, "centralized_accuracy": 0.499}, {"round": 1, "centralized_loss": 0.6932140721636972, "centralized_accuracy": 0.5144}, {"round": 2, "centralized_loss": 0.6919129790773817, "centralized_accuracy": 0.5294}], "federated_evaluate": [{"round": 1, "federated_evaluate_loss": 0.6929676192998886, "accuracy": 0.5184000000000001}, {"round": 2, "federated_evaluate_loss": 0.6968580967187882, "accuracy": 0.5256000000000001}]}